datetime,stay_rate_itaku,stay_rate_sublease
2010-07-01,91.4,94.4
2010-07-02,91.4,94.4
2010-07-03,91.4,94.4
2010-07-04,91.4,94.4
2010-07-05,91.4,94.4
2010-07-06,91.4,94.4
2010-07-07,91.4,94.4
2010-07-08,91.4,94.4
2010-07-09,91.4,94.4
2010-07-10,91.4,94.4
2010-07-11,91.4,94.4
2010-07-12,91.4,94.4
2010-07-13,91.4,94.4
2010-07-14,91.4,94.4
2010-07-15,91.4,94.4
2010-07-16,91.4,94.4
2010-07-17,91.4,94.4
2010-07-18,91.4,94.4
2010-07-19,91.4,94.4
2010-07-20,91.4,94.4
2010-07-21,91.4,94.4
2010-07-22,91.4,94.4
2010-07-23,91.4,94.4
2010-07-24,91.4,94.4
2010-07-25,91.4,94.4
2010-07-26,91.4,94.4
2010-07-27,91.4,94.4
2010-07-28,91.4,94.4
2010-07-29,91.4,94.4
2010-07-30,91.4,94.4
2010-07-31,91.4,94.4
2010-08-01,91.4,94.4
2010-08-02,91.4,94.4
2010-08-03,91.4,94.4
2010-08-04,91.4,94.4
2010-08-05,91.4,94.4
2010-08-06,91.4,94.4
2010-08-07,91.4,94.4
2010-08-08,91.4,94.4
2010-08-09,91.4,94.4
2010-08-10,91.4,94.4
2010-08-11,91.4,94.4
2010-08-12,91.4,94.4
2010-08-13,91.4,94.4
2010-08-14,91.4,94.4
2010-08-15,91.4,94.4
2010-08-16,91.4,94.4
2010-08-17,91.4,94.4
2010-08-18,91.4,94.4
2010-08-19,91.4,94.4
2010-08-20,91.4,94.4
2010-08-21,91.4,94.4
2010-08-22,91.4,94.4
2010-08-23,91.4,94.4
2010-08-24,91.4,94.4
2010-08-25,91.4,94.4
2010-08-26,91.4,94.4
2010-08-27,91.4,94.4
2010-08-28,91.4,94.4
2010-08-29,91.4,94.4
2010-08-30,91.4,94.4
2010-08-31,91.4,94.4
2010-09-01,91.4,94.4
2010-09-02,91.4,94.4
2010-09-03,91.4,94.4
2010-09-04,91.4,94.4
2010-09-05,91.4,94.4
2010-09-06,91.4,94.4
2010-09-07,91.4,94.4
2010-09-08,91.4,94.4
2010-09-09,91.4,94.4
2010-09-10,91.4,94.4
2010-09-11,91.4,94.4
2010-09-12,91.4,94.4
2010-09-13,91.4,94.4
2010-09-14,91.4,94.4
2010-09-15,91.4,94.4
2010-09-16,91.4,94.4
2010-09-17,91.4,94.4
2010-09-18,91.4,94.4
2010-09-19,91.4,94.4
2010-09-20,91.4,94.4
2010-09-21,91.4,94.4
2010-09-22,91.4,94.4
2010-09-23,91.4,94.4
2010-09-24,91.4,94.4
2010-09-25,91.4,94.4
2010-09-26,91.4,94.4
2010-09-27,91.4,94.4
2010-09-28,91.4,94.4
2010-09-29,91.4,94.4
2010-09-30,91.4,94.4
2010-10-01,90.3,93.4
2010-10-02,90.3,93.4
2010-10-03,90.3,93.4
2010-10-04,90.3,93.4
2010-10-05,90.3,93.4
2010-10-06,90.3,93.4
2010-10-07,90.3,93.4
2010-10-08,90.3,93.4
2010-10-09,90.3,93.4
2010-10-10,90.3,93.4
2010-10-11,90.3,93.4
2010-10-12,90.3,93.4
2010-10-13,90.3,93.4
2010-10-14,90.3,93.4
2010-10-15,90.3,93.4
2010-10-16,90.3,93.4
2010-10-17,90.3,93.4
2010-10-18,90.3,93.4
2010-10-19,90.3,93.4
2010-10-20,90.3,93.4
2010-10-21,90.3,93.4
2010-10-22,90.3,93.4
2010-10-23,90.3,93.4
2010-10-24,90.3,93.4
2010-10-25,90.3,93.4
2010-10-26,90.3,93.4
2010-10-27,90.3,93.4
2010-10-28,90.3,93.4
2010-10-29,90.3,93.4
2010-10-30,90.3,93.4
2010-10-31,90.3,93.4
2010-11-01,90.3,93.4
2010-11-02,90.3,93.4
2010-11-03,90.3,93.4
2010-11-04,90.3,93.4
2010-11-05,90.3,93.4
2010-11-06,90.3,93.4
2010-11-07,90.3,93.4
2010-11-08,90.3,93.4
2010-11-09,90.3,93.4
2010-11-10,90.3,93.4
2010-11-11,90.3,93.4
2010-11-12,90.3,93.4
2010-11-13,90.3,93.4
2010-11-14,90.3,93.4
2010-11-15,90.3,93.4
2010-11-16,90.3,93.4
2010-11-17,90.3,93.4
2010-11-18,90.3,93.4
2010-11-19,90.3,93.4
2010-11-20,90.3,93.4
2010-11-21,90.3,93.4
2010-11-22,90.3,93.4
2010-11-23,90.3,93.4
2010-11-24,90.3,93.4
2010-11-25,90.3,93.4
2010-11-26,90.3,93.4
2010-11-27,90.3,93.4
2010-11-28,90.3,93.4
2010-11-29,90.3,93.4
2010-11-30,90.3,93.4
2010-12-01,90.3,93.4
2010-12-02,90.3,93.4
2010-12-03,90.3,93.4
2010-12-04,90.3,93.4
2010-12-05,90.3,93.4
2010-12-06,90.3,93.4
2010-12-07,90.3,93.4
2010-12-08,90.3,93.4
2010-12-09,90.3,93.4
2010-12-10,90.3,93.4
2010-12-11,90.3,93.4
2010-12-12,90.3,93.4
2010-12-13,90.3,93.4
2010-12-14,90.3,93.4
2010-12-15,90.3,93.4
2010-12-16,90.3,93.4
2010-12-17,90.3,93.4
2010-12-18,90.3,93.4
2010-12-19,90.3,93.4
2010-12-20,90.3,93.4
2010-12-21,90.3,93.4
2010-12-22,90.3,93.4
2010-12-23,90.3,93.4
2010-12-24,90.3,93.4
2010-12-25,90.3,93.4
2010-12-26,90.3,93.4
2010-12-27,90.3,93.4
2010-12-28,90.3,93.4
2010-12-29,90.3,93.4
2010-12-30,90.3,93.4
2010-12-31,90.3,93.4
2011-01-01,90.3,93.4
2011-01-02,90.3,93.4
2011-01-03,90.3,93.4
2011-01-04,90.3,93.4
2011-01-05,90.3,93.4
2011-01-06,90.3,93.4
2011-01-07,90.3,93.4
2011-01-08,90.3,93.4
2011-01-09,90.3,93.4
2011-01-10,90.3,93.4
2011-01-11,90.3,93.4
2011-01-12,90.3,93.4
2011-01-13,90.3,93.4
2011-01-14,90.3,93.4
2011-01-15,90.3,93.4
2011-01-16,90.3,93.4
2011-01-17,90.3,93.4
2011-01-18,90.3,93.4
2011-01-19,90.3,93.4
2011-01-20,90.3,93.4
2011-01-21,90.3,93.4
2011-01-22,90.3,93.4
2011-01-23,90.3,93.4
2011-01-24,90.3,93.4
2011-01-25,90.3,93.4
2011-01-26,90.3,93.4
2011-01-27,90.3,93.4
2011-01-28,90.3,93.4
2011-01-29,90.3,93.4
2011-01-30,90.3,93.4
2011-01-31,90.3,93.4
2011-02-01,90.3,93.4
2011-02-02,90.3,93.4
2011-02-03,90.3,93.4
2011-02-04,90.3,93.4
2011-02-05,90.3,93.4
2011-02-06,90.3,93.4
2011-02-07,90.3,93.4
2011-02-08,90.3,93.4
2011-02-09,90.3,93.4
2011-02-10,90.3,93.4
2011-02-11,90.3,93.4
2011-02-12,90.3,93.4
2011-02-13,90.3,93.4
2011-02-14,90.3,93.4
2011-02-15,90.3,93.4
2011-02-16,90.3,93.4
2011-02-17,90.3,93.4
2011-02-18,90.3,93.4
2011-02-19,90.3,93.4
2011-02-20,90.3,93.4
2011-02-21,90.3,93.4
2011-02-22,90.3,93.4
2011-02-23,90.3,93.4
2011-02-24,90.3,93.4
2011-02-25,90.3,93.4
2011-02-26,90.3,93.4
2011-02-27,90.3,93.4
2011-02-28,90.3,93.4
2011-03-01,90.3,93.4
2011-03-02,90.3,93.4
2011-03-03,90.3,93.4
2011-03-04,90.3,93.4
2011-03-05,90.3,93.4
2011-03-06,90.3,93.4
2011-03-07,90.3,93.4
2011-03-08,90.3,93.4
2011-03-09,90.3,93.4
2011-03-10,90.3,93.4
2011-03-11,90.3,93.4
2011-03-12,90.3,93.4
2011-03-13,90.3,93.4
2011-03-14,90.3,93.4
2011-03-15,90.3,93.4
2011-03-16,90.3,93.4
2011-03-17,90.3,93.4
2011-03-18,90.3,93.4
2011-03-19,90.3,93.4
2011-03-20,90.3,93.4
2011-03-21,90.3,93.4
2011-03-22,90.3,93.4
2011-03-23,90.3,93.4
2011-03-24,90.3,93.4
2011-03-25,90.3,93.4
2011-03-26,90.3,93.4
2011-03-27,90.3,93.4
2011-03-28,90.3,93.4
2011-03-29,90.3,93.4
2011-03-30,90.3,93.4
2011-03-31,90.3,93.4
2011-04-01,92.0,95.8
2011-04-02,92.0,95.8
2011-04-03,92.0,95.8
2011-04-04,92.0,95.8
2011-04-05,92.0,95.8
2011-04-06,92.0,95.8
2011-04-07,92.0,95.8
2011-04-08,92.0,95.8
2011-04-09,92.0,95.8
2011-04-10,92.0,95.8
2011-04-11,92.0,95.8
2011-04-12,92.0,95.8
2011-04-13,92.0,95.8
2011-04-14,92.0,95.8
2011-04-15,92.0,95.8
2011-04-16,92.0,95.8
2011-04-17,92.0,95.8
2011-04-18,92.0,95.8
2011-04-19,92.0,95.8
2011-04-20,92.0,95.8
2011-04-21,92.0,95.8
2011-04-22,92.0,95.8
2011-04-23,92.0,95.8
2011-04-24,92.0,95.8
2011-04-25,92.0,95.8
2011-04-26,92.0,95.8
2011-04-27,92.0,95.8
2011-04-28,92.0,95.8
2011-04-29,92.0,95.8
2011-04-30,92.0,95.8
2011-05-01,92.0,95.8
2011-05-02,92.0,95.8
2011-05-03,92.0,95.8
2011-05-04,92.0,95.8
2011-05-05,92.0,95.8
2011-05-06,92.0,95.8
2011-05-07,92.0,95.8
2011-05-08,92.0,95.8
2011-05-09,92.0,95.8
2011-05-10,92.0,95.8
2011-05-11,92.0,95.8
2011-05-12,92.0,95.8
2011-05-13,92.0,95.8
2011-05-14,92.0,95.8
2011-05-15,92.0,95.8
2011-05-16,92.0,95.8
2011-05-17,92.0,95.8
2011-05-18,92.0,95.8
2011-05-19,92.0,95.8
2011-05-20,92.0,95.8
2011-05-21,92.0,95.8
2011-05-22,92.0,95.8
2011-05-23,92.0,95.8
2011-05-24,92.0,95.8
2011-05-25,92.0,95.8
2011-05-26,92.0,95.8
2011-05-27,92.0,95.8
2011-05-28,92.0,95.8
2011-05-29,92.0,95.8
2011-05-30,92.0,95.8
2011-05-31,92.0,95.8
2011-06-01,92.0,95.8
2011-06-02,92.0,95.8
2011-06-03,92.0,95.8
2011-06-04,92.0,95.8
2011-06-05,92.0,95.8
2011-06-06,92.0,95.8
2011-06-07,92.0,95.8
2011-06-08,92.0,95.8
2011-06-09,92.0,95.8
2011-06-10,92.0,95.8
2011-06-11,92.0,95.8
2011-06-12,92.0,95.8
2011-06-13,92.0,95.8
2011-06-14,92.0,95.8
2011-06-15,92.0,95.8
2011-06-16,92.0,95.8
2011-06-17,92.0,95.8
2011-06-18,92.0,95.8
2011-06-19,92.0,95.8
2011-06-20,92.0,95.8
2011-06-21,92.0,95.8
2011-06-22,92.0,95.8
2011-06-23,92.0,95.8
2011-06-24,92.0,95.8
2011-06-25,92.0,95.8
2011-06-26,92.0,95.8
2011-06-27,92.0,95.8
2011-06-28,92.0,95.8
2011-06-29,92.0,95.8
2011-06-30,92.0,95.8
2011-07-01,92.0,95.8
2011-07-02,92.0,95.8
2011-07-03,92.0,95.8
2011-07-04,92.0,95.8
2011-07-05,92.0,95.8
2011-07-06,92.0,95.8
2011-07-07,92.0,95.8
2011-07-08,92.0,95.8
2011-07-09,92.0,95.8
2011-07-10,92.0,95.8
2011-07-11,92.0,95.8
2011-07-12,92.0,95.8
2011-07-13,92.0,95.8
2011-07-14,92.0,95.8
2011-07-15,92.0,95.8
2011-07-16,92.0,95.8
2011-07-17,92.0,95.8
2011-07-18,92.0,95.8
2011-07-19,92.0,95.8
2011-07-20,92.0,95.8
2011-07-21,92.0,95.8
2011-07-22,92.0,95.8
2011-07-23,92.0,95.8
2011-07-24,92.0,95.8
2011-07-25,92.0,95.8
2011-07-26,92.0,95.8
2011-07-27,92.0,95.8
2011-07-28,92.0,95.8
2011-07-29,92.0,95.8
2011-07-30,92.0,95.8
2011-07-31,92.0,95.8
2011-08-01,92.0,95.8
2011-08-02,92.0,95.8
2011-08-03,92.0,95.8
2011-08-04,92.0,95.8
2011-08-05,92.0,95.8
2011-08-06,92.0,95.8
2011-08-07,92.0,95.8
2011-08-08,92.0,95.8
2011-08-09,92.0,95.8
2011-08-10,92.0,95.8
2011-08-11,92.0,95.8
2011-08-12,92.0,95.8
2011-08-13,92.0,95.8
2011-08-14,92.0,95.8
2011-08-15,92.0,95.8
2011-08-16,92.0,95.8
2011-08-17,92.0,95.8
2011-08-18,92.0,95.8
2011-08-19,92.0,95.8
2011-08-20,92.0,95.8
2011-08-21,92.0,95.8
2011-08-22,92.0,95.8
2011-08-23,92.0,95.8
2011-08-24,92.0,95.8
2011-08-25,92.0,95.8
2011-08-26,92.0,95.8
2011-08-27,92.0,95.8
2011-08-28,92.0,95.8
2011-08-29,92.0,95.8
2011-08-30,92.0,95.8
2011-08-31,92.0,95.8
2011-09-01,92.0,95.8
2011-09-02,92.0,95.8
2011-09-03,92.0,95.8
2011-09-04,92.0,95.8
2011-09-05,92.0,95.8
2011-09-06,92.0,95.8
2011-09-07,92.0,95.8
2011-09-08,92.0,95.8
2011-09-09,92.0,95.8
2011-09-10,92.0,95.8
2011-09-11,92.0,95.8
2011-09-12,92.0,95.8
2011-09-13,92.0,95.8
2011-09-14,92.0,95.8
2011-09-15,92.0,95.8
2011-09-16,92.0,95.8
2011-09-17,92.0,95.8
2011-09-18,92.0,95.8
2011-09-19,92.0,95.8
2011-09-20,92.0,95.8
2011-09-21,92.0,95.8
2011-09-22,92.0,95.8
2011-09-23,92.0,95.8
2011-09-24,92.0,95.8
2011-09-25,92.0,95.8
2011-09-26,92.0,95.8
2011-09-27,92.0,95.8
2011-09-28,92.0,95.8
2011-09-29,92.0,95.8
2011-09-30,92.0,95.8
2011-10-01,90.8,94.4
2011-10-02,90.8,94.4
2011-10-03,90.8,94.4
2011-10-04,90.8,94.4
2011-10-05,90.8,94.4
2011-10-06,90.8,94.4
2011-10-07,90.8,94.4
2011-10-08,90.8,94.4
2011-10-09,90.8,94.4
2011-10-10,90.8,94.4
2011-10-11,90.8,94.4
2011-10-12,90.8,94.4
2011-10-13,90.8,94.4
2011-10-14,90.8,94.4
2011-10-15,90.8,94.4
2011-10-16,90.8,94.4
2011-10-17,90.8,94.4
2011-10-18,90.8,94.4
2011-10-19,90.8,94.4
2011-10-20,90.8,94.4
2011-10-21,90.8,94.4
2011-10-22,90.8,94.4
2011-10-23,90.8,94.4
2011-10-24,90.8,94.4
2011-10-25,90.8,94.4
2011-10-26,90.8,94.4
2011-10-27,90.8,94.4
2011-10-28,90.8,94.4
2011-10-29,90.8,94.4
2011-10-30,90.8,94.4
2011-10-31,90.8,94.4
2011-11-01,90.8,94.4
2011-11-02,90.8,94.4
2011-11-03,90.8,94.4
2011-11-04,90.8,94.4
2011-11-05,90.8,94.4
2011-11-06,90.8,94.4
2011-11-07,90.8,94.4
2011-11-08,90.8,94.4
2011-11-09,90.8,94.4
2011-11-10,90.8,94.4
2011-11-11,90.8,94.4
2011-11-12,90.8,94.4
2011-11-13,90.8,94.4
2011-11-14,90.8,94.4
2011-11-15,90.8,94.4
2011-11-16,90.8,94.4
2011-11-17,90.8,94.4
2011-11-18,90.8,94.4
2011-11-19,90.8,94.4
2011-11-20,90.8,94.4
2011-11-21,90.8,94.4
2011-11-22,90.8,94.4
2011-11-23,90.8,94.4
2011-11-24,90.8,94.4
2011-11-25,90.8,94.4
2011-11-26,90.8,94.4
2011-11-27,90.8,94.4
2011-11-28,90.8,94.4
2011-11-29,90.8,94.4
2011-11-30,90.8,94.4
2011-12-01,90.8,94.4
2011-12-02,90.8,94.4
2011-12-03,90.8,94.4
2011-12-04,90.8,94.4
2011-12-05,90.8,94.4
2011-12-06,90.8,94.4
2011-12-07,90.8,94.4
2011-12-08,90.8,94.4
2011-12-09,90.8,94.4
2011-12-10,90.8,94.4
2011-12-11,90.8,94.4
2011-12-12,90.8,94.4
2011-12-13,90.8,94.4
2011-12-14,90.8,94.4
2011-12-15,90.8,94.4
2011-12-16,90.8,94.4
2011-12-17,90.8,94.4
2011-12-18,90.8,94.4
2011-12-19,90.8,94.4
2011-12-20,90.8,94.4
2011-12-21,90.8,94.4
2011-12-22,90.8,94.4
2011-12-23,90.8,94.4
2011-12-24,90.8,94.4
2011-12-25,90.8,94.4
2011-12-26,90.8,94.4
2011-12-27,90.8,94.4
2011-12-28,90.8,94.4
2011-12-29,90.8,94.4
2011-12-30,90.8,94.4
2011-12-31,90.8,94.4
2012-01-01,90.8,94.4
2012-01-02,90.8,94.4
2012-01-03,90.8,94.4
2012-01-04,90.8,94.4
2012-01-05,90.8,94.4
2012-01-06,90.8,94.4
2012-01-07,90.8,94.4
2012-01-08,90.8,94.4
2012-01-09,90.8,94.4
2012-01-10,90.8,94.4
2012-01-11,90.8,94.4
2012-01-12,90.8,94.4
2012-01-13,90.8,94.4
2012-01-14,90.8,94.4
2012-01-15,90.8,94.4
2012-01-16,90.8,94.4
2012-01-17,90.8,94.4
2012-01-18,90.8,94.4
2012-01-19,90.8,94.4
2012-01-20,90.8,94.4
2012-01-21,90.8,94.4
2012-01-22,90.8,94.4
2012-01-23,90.8,94.4
2012-01-24,90.8,94.4
2012-01-25,90.8,94.4
2012-01-26,90.8,94.4
2012-01-27,90.8,94.4
2012-01-28,90.8,94.4
2012-01-29,90.8,94.4
2012-01-30,90.8,94.4
2012-01-31,90.8,94.4
2012-02-01,90.8,94.4
2012-02-02,90.8,94.4
2012-02-03,90.8,94.4
2012-02-04,90.8,94.4
2012-02-05,90.8,94.4
2012-02-06,90.8,94.4
2012-02-07,90.8,94.4
2012-02-08,90.8,94.4
2012-02-09,90.8,94.4
2012-02-10,90.8,94.4
2012-02-11,90.8,94.4
2012-02-12,90.8,94.4
2012-02-13,90.8,94.4
2012-02-14,90.8,94.4
2012-02-15,90.8,94.4
2012-02-16,90.8,94.4
2012-02-17,90.8,94.4
2012-02-18,90.8,94.4
2012-02-19,90.8,94.4
2012-02-20,90.8,94.4
2012-02-21,90.8,94.4
2012-02-22,90.8,94.4
2012-02-23,90.8,94.4
2012-02-24,90.8,94.4
2012-02-25,90.8,94.4
2012-02-26,90.8,94.4
2012-02-27,90.8,94.4
2012-02-28,90.8,94.4
2012-02-29,90.8,94.4
2012-03-01,90.8,94.4
2012-03-02,90.8,94.4
2012-03-03,90.8,94.4
2012-03-04,90.8,94.4
2012-03-05,90.8,94.4
2012-03-06,90.8,94.4
2012-03-07,90.8,94.4
2012-03-08,90.8,94.4
2012-03-09,90.8,94.4
2012-03-10,90.8,94.4
2012-03-11,90.8,94.4
2012-03-12,90.8,94.4
2012-03-13,90.8,94.4
2012-03-14,90.8,94.4
2012-03-15,90.8,94.4
2012-03-16,90.8,94.4
2012-03-17,90.8,94.4
2012-03-18,90.8,94.4
2012-03-19,90.8,94.4
2012-03-20,90.8,94.4
2012-03-21,90.8,94.4
2012-03-22,90.8,94.4
2012-03-23,90.8,94.4
2012-03-24,90.8,94.4
2012-03-25,90.8,94.4
2012-03-26,90.8,94.4
2012-03-27,90.8,94.4
2012-03-28,90.8,94.4
2012-03-29,90.8,94.4
2012-03-30,90.8,94.4
2012-03-31,90.8,94.4
2012-04-01,90.7,93.4
2012-04-02,90.7,93.4
2012-04-03,90.7,93.4
2012-04-04,90.7,93.4
2012-04-05,90.7,93.4
2012-04-06,90.7,93.4
2012-04-07,90.7,93.4
2012-04-08,90.7,93.4
2012-04-09,90.7,93.4
2012-04-10,90.7,93.4
2012-04-11,90.7,93.4
2012-04-12,90.7,93.4
2012-04-13,90.7,93.4
2012-04-14,90.7,93.4
2012-04-15,90.7,93.4
2012-04-16,90.7,93.4
2012-04-17,90.7,93.4
2012-04-18,90.7,93.4
2012-04-19,90.7,93.4
2012-04-20,90.7,93.4
2012-04-21,90.7,93.4
2012-04-22,90.7,93.4
2012-04-23,90.7,93.4
2012-04-24,90.7,93.4
2012-04-25,90.7,93.4
2012-04-26,90.7,93.4
2012-04-27,90.7,93.4
2012-04-28,90.7,93.4
2012-04-29,90.7,93.4
2012-04-30,90.7,93.4
2012-05-01,90.7,93.4
2012-05-02,90.7,93.4
2012-05-03,90.7,93.4
2012-05-04,90.7,93.4
2012-05-05,90.7,93.4
2012-05-06,90.7,93.4
2012-05-07,90.7,93.4
2012-05-08,90.7,93.4
2012-05-09,90.7,93.4
2012-05-10,90.7,93.4
2012-05-11,90.7,93.4
2012-05-12,90.7,93.4
2012-05-13,90.7,93.4
2012-05-14,90.7,93.4
2012-05-15,90.7,93.4
2012-05-16,90.7,93.4
2012-05-17,90.7,93.4
2012-05-18,90.7,93.4
2012-05-19,90.7,93.4
2012-05-20,90.7,93.4
2012-05-21,90.7,93.4
2012-05-22,90.7,93.4
2012-05-23,90.7,93.4
2012-05-24,90.7,93.4
2012-05-25,90.7,93.4
2012-05-26,90.7,93.4
2012-05-27,90.7,93.4
2012-05-28,90.7,93.4
2012-05-29,90.7,93.4
2012-05-30,90.7,93.4
2012-05-31,90.7,93.4
2012-06-01,90.7,93.4
2012-06-02,90.7,93.4
2012-06-03,90.7,93.4
2012-06-04,90.7,93.4
2012-06-05,90.7,93.4
2012-06-06,90.7,93.4
2012-06-07,90.7,93.4
2012-06-08,90.7,93.4
2012-06-09,90.7,93.4
2012-06-10,90.7,93.4
2012-06-11,90.7,93.4
2012-06-12,90.7,93.4
2012-06-13,90.7,93.4
2012-06-14,90.7,93.4
2012-06-15,90.7,93.4
2012-06-16,90.7,93.4
2012-06-17,90.7,93.4
2012-06-18,90.7,93.4
2012-06-19,90.7,93.4
2012-06-20,90.7,93.4
2012-06-21,90.7,93.4
2012-06-22,90.7,93.4
2012-06-23,90.7,93.4
2012-06-24,90.7,93.4
2012-06-25,90.7,93.4
2012-06-26,90.7,93.4
2012-06-27,90.7,93.4
2012-06-28,90.7,93.4
2012-06-29,90.7,93.4
2012-06-30,90.7,93.4
2012-07-01,90.7,93.4
2012-07-02,90.7,93.4
2012-07-03,90.7,93.4
2012-07-04,90.7,93.4
2012-07-05,90.7,93.4
2012-07-06,90.7,93.4
2012-07-07,90.7,93.4
2012-07-08,90.7,93.4
2012-07-09,90.7,93.4
2012-07-10,90.7,93.4
2012-07-11,90.7,93.4
2012-07-12,90.7,93.4
2012-07-13,90.7,93.4
2012-07-14,90.7,93.4
2012-07-15,90.7,93.4
2012-07-16,90.7,93.4
2012-07-17,90.7,93.4
2012-07-18,90.7,93.4
2012-07-19,90.7,93.4
2012-07-20,90.7,93.4
2012-07-21,90.7,93.4
2012-07-22,90.7,93.4
2012-07-23,90.7,93.4
2012-07-24,90.7,93.4
2012-07-25,90.7,93.4
2012-07-26,90.7,93.4
2012-07-27,90.7,93.4
2012-07-28,90.7,93.4
2012-07-29,90.7,93.4
2012-07-30,90.7,93.4
2012-07-31,90.7,93.4
2012-08-01,90.7,93.4
2012-08-02,90.7,93.4
2012-08-03,90.7,93.4
2012-08-04,90.7,93.4
2012-08-05,90.7,93.4
2012-08-06,90.7,93.4
2012-08-07,90.7,93.4
2012-08-08,90.7,93.4
2012-08-09,90.7,93.4
2012-08-10,90.7,93.4
2012-08-11,90.7,93.4
2012-08-12,90.7,93.4
2012-08-13,90.7,93.4
2012-08-14,90.7,93.4
2012-08-15,90.7,93.4
2012-08-16,90.7,93.4
2012-08-17,90.7,93.4
2012-08-18,90.7,93.4
2012-08-19,90.7,93.4
2012-08-20,90.7,93.4
2012-08-21,90.7,93.4
2012-08-22,90.7,93.4
2012-08-23,90.7,93.4
2012-08-24,90.7,93.4
2012-08-25,90.7,93.4
2012-08-26,90.7,93.4
2012-08-27,90.7,93.4
2012-08-28,90.7,93.4
2012-08-29,90.7,93.4
2012-08-30,90.7,93.4
2012-08-31,90.7,93.4
2012-09-01,90.7,93.4
2012-09-02,90.7,93.4
2012-09-03,90.7,93.4
2012-09-04,90.7,93.4
2012-09-05,90.7,93.4
2012-09-06,90.7,93.4
2012-09-07,90.7,93.4
2012-09-08,90.7,93.4
2012-09-09,90.7,93.4
2012-09-10,90.7,93.4
2012-09-11,90.7,93.4
2012-09-12,90.7,93.4
2012-09-13,90.7,93.4
2012-09-14,90.7,93.4
2012-09-15,90.7,93.4
2012-09-16,90.7,93.4
2012-09-17,90.7,93.4
2012-09-18,90.7,93.4
2012-09-19,90.7,93.4
2012-09-20,90.7,93.4
2012-09-21,90.7,93.4
2012-09-22,90.7,93.4
2012-09-23,90.7,93.4
2012-09-24,90.7,93.4
2012-09-25,90.7,93.4
2012-09-26,90.7,93.4
2012-09-27,90.7,93.4
2012-09-28,90.7,93.4
2012-09-29,90.7,93.4
2012-09-30,90.7,93.4
2012-10-01,89.2,93.6
2012-10-02,89.2,93.6
2012-10-03,89.2,93.6
2012-10-04,89.2,93.6
2012-10-05,89.2,93.6
2012-10-06,89.2,93.6
2012-10-07,89.2,93.6
2012-10-08,89.2,93.6
2012-10-09,89.2,93.6
2012-10-10,89.2,93.6
2012-10-11,89.2,93.6
2012-10-12,89.2,93.6
2012-10-13,89.2,93.6
2012-10-14,89.2,93.6
2012-10-15,89.2,93.6
2012-10-16,89.2,93.6
2012-10-17,89.2,93.6
2012-10-18,89.2,93.6
2012-10-19,89.2,93.6
2012-10-20,89.2,93.6
2012-10-21,89.2,93.6
2012-10-22,89.2,93.6
2012-10-23,89.2,93.6
2012-10-24,89.2,93.6
2012-10-25,89.2,93.6
2012-10-26,89.2,93.6
2012-10-27,89.2,93.6
2012-10-28,89.2,93.6
2012-10-29,89.2,93.6
2012-10-30,89.2,93.6
2012-10-31,89.2,93.6
2012-11-01,89.2,93.6
2012-11-02,89.2,93.6
2012-11-03,89.2,93.6
2012-11-04,89.2,93.6
2012-11-05,89.2,93.6
2012-11-06,89.2,93.6
2012-11-07,89.2,93.6
2012-11-08,89.2,93.6
2012-11-09,89.2,93.6
2012-11-10,89.2,93.6
2012-11-11,89.2,93.6
2012-11-12,89.2,93.6
2012-11-13,89.2,93.6
2012-11-14,89.2,93.6
2012-11-15,89.2,93.6
2012-11-16,89.2,93.6
2012-11-17,89.2,93.6
2012-11-18,89.2,93.6
2012-11-19,89.2,93.6
2012-11-20,89.2,93.6
2012-11-21,89.2,93.6
2012-11-22,89.2,93.6
2012-11-23,89.2,93.6
2012-11-24,89.2,93.6
2012-11-25,89.2,93.6
2012-11-26,89.2,93.6
2012-11-27,89.2,93.6
2012-11-28,89.2,93.6
2012-11-29,89.2,93.6
2012-11-30,89.2,93.6
2012-12-01,89.2,93.6
2012-12-02,89.2,93.6
2012-12-03,89.2,93.6
2012-12-04,89.2,93.6
2012-12-05,89.2,93.6
2012-12-06,89.2,93.6
2012-12-07,89.2,93.6
2012-12-08,89.2,93.6
2012-12-09,89.2,93.6
2012-12-10,89.2,93.6
2012-12-11,89.2,93.6
2012-12-12,89.2,93.6
2012-12-13,89.2,93.6
2012-12-14,89.2,93.6
2012-12-15,89.2,93.6
2012-12-16,89.2,93.6
2012-12-17,89.2,93.6
2012-12-18,89.2,93.6
2012-12-19,89.2,93.6
2012-12-20,89.2,93.6
2012-12-21,89.2,93.6
2012-12-22,89.2,93.6
2012-12-23,89.2,93.6
2012-12-24,89.2,93.6
2012-12-25,89.2,93.6
2012-12-26,89.2,93.6
2012-12-27,89.2,93.6
2012-12-28,89.2,93.6
2012-12-29,89.2,93.6
2012-12-30,89.2,93.6
2012-12-31,89.2,93.6
2013-01-01,89.2,93.6
2013-01-02,89.2,93.6
2013-01-03,89.2,93.6
2013-01-04,89.2,93.6
2013-01-05,89.2,93.6
2013-01-06,89.2,93.6
2013-01-07,89.2,93.6
2013-01-08,89.2,93.6
2013-01-09,89.2,93.6
2013-01-10,89.2,93.6
2013-01-11,89.2,93.6
2013-01-12,89.2,93.6
2013-01-13,89.2,93.6
2013-01-14,89.2,93.6
2013-01-15,89.2,93.6
2013-01-16,89.2,93.6
2013-01-17,89.2,93.6
2013-01-18,89.2,93.6
2013-01-19,89.2,93.6
2013-01-20,89.2,93.6
2013-01-21,89.2,93.6
2013-01-22,89.2,93.6
2013-01-23,89.2,93.6
2013-01-24,89.2,93.6
2013-01-25,89.2,93.6
2013-01-26,89.2,93.6
2013-01-27,89.2,93.6
2013-01-28,89.2,93.6
2013-01-29,89.2,93.6
2013-01-30,89.2,93.6
2013-01-31,89.2,93.6
2013-02-01,89.2,93.6
2013-02-02,89.2,93.6
2013-02-03,89.2,93.6
2013-02-04,89.2,93.6
2013-02-05,89.2,93.6
2013-02-06,89.2,93.6
2013-02-07,89.2,93.6
2013-02-08,89.2,93.6
2013-02-09,89.2,93.6
2013-02-10,89.2,93.6
2013-02-11,89.2,93.6
2013-02-12,89.2,93.6
2013-02-13,89.2,93.6
2013-02-14,89.2,93.6
2013-02-15,89.2,93.6
2013-02-16,89.2,93.6
2013-02-17,89.2,93.6
2013-02-18,89.2,93.6
2013-02-19,89.2,93.6
2013-02-20,89.2,93.6
2013-02-21,89.2,93.6
2013-02-22,89.2,93.6
2013-02-23,89.2,93.6
2013-02-24,89.2,93.6
2013-02-25,89.2,93.6
2013-02-26,89.2,93.6
2013-02-27,89.2,93.6
2013-02-28,89.2,93.6
2013-03-01,89.2,93.6
2013-03-02,89.2,93.6
2013-03-03,89.2,93.6
2013-03-04,89.2,93.6
2013-03-05,89.2,93.6
2013-03-06,89.2,93.6
2013-03-07,89.2,93.6
2013-03-08,89.2,93.6
2013-03-09,89.2,93.6
2013-03-10,89.2,93.6
2013-03-11,89.2,93.6
2013-03-12,89.2,93.6
2013-03-13,89.2,93.6
2013-03-14,89.2,93.6
2013-03-15,89.2,93.6
2013-03-16,89.2,93.6
2013-03-17,89.2,93.6
2013-03-18,89.2,93.6
2013-03-19,89.2,93.6
2013-03-20,89.2,93.6
2013-03-21,89.2,93.6
2013-03-22,89.2,93.6
2013-03-23,89.2,93.6
2013-03-24,89.2,93.6
2013-03-25,89.2,93.6
2013-03-26,89.2,93.6
2013-03-27,89.2,93.6
2013-03-28,89.2,93.6
2013-03-29,89.2,93.6
2013-03-30,89.2,93.6
2013-03-31,89.2,93.6
2013-04-01,90.3,94.8
2013-04-02,90.3,94.8
2013-04-03,90.3,94.8
2013-04-04,90.3,94.8
2013-04-05,90.3,94.8
2013-04-06,90.3,94.8
2013-04-07,90.3,94.8
2013-04-08,90.3,94.8
2013-04-09,90.3,94.8
2013-04-10,90.3,94.8
2013-04-11,90.3,94.8
2013-04-12,90.3,94.8
2013-04-13,90.3,94.8
2013-04-14,90.3,94.8
2013-04-15,90.3,94.8
2013-04-16,90.3,94.8
2013-04-17,90.3,94.8
2013-04-18,90.3,94.8
2013-04-19,90.3,94.8
2013-04-20,90.3,94.8
2013-04-21,90.3,94.8
2013-04-22,90.3,94.8
2013-04-23,90.3,94.8
2013-04-24,90.3,94.8
2013-04-25,90.3,94.8
2013-04-26,90.3,94.8
2013-04-27,90.3,94.8
2013-04-28,90.3,94.8
2013-04-29,90.3,94.8
2013-04-30,90.3,94.8
2013-05-01,90.3,94.8
2013-05-02,90.3,94.8
2013-05-03,90.3,94.8
2013-05-04,90.3,94.8
2013-05-05,90.3,94.8
2013-05-06,90.3,94.8
2013-05-07,90.3,94.8
2013-05-08,90.3,94.8
2013-05-09,90.3,94.8
2013-05-10,90.3,94.8
2013-05-11,90.3,94.8
2013-05-12,90.3,94.8
2013-05-13,90.3,94.8
2013-05-14,90.3,94.8
2013-05-15,90.3,94.8
2013-05-16,90.3,94.8
2013-05-17,90.3,94.8
2013-05-18,90.3,94.8
2013-05-19,90.3,94.8
2013-05-20,90.3,94.8
2013-05-21,90.3,94.8
2013-05-22,90.3,94.8
2013-05-23,90.3,94.8
2013-05-24,90.3,94.8
2013-05-25,90.3,94.8
2013-05-26,90.3,94.8
2013-05-27,90.3,94.8
2013-05-28,90.3,94.8
2013-05-29,90.3,94.8
2013-05-30,90.3,94.8
2013-05-31,90.3,94.8
2013-06-01,90.3,94.8
2013-06-02,90.3,94.8
2013-06-03,90.3,94.8
2013-06-04,90.3,94.8
2013-06-05,90.3,94.8
2013-06-06,90.3,94.8
2013-06-07,90.3,94.8
2013-06-08,90.3,94.8
2013-06-09,90.3,94.8
2013-06-10,90.3,94.8
2013-06-11,90.3,94.8
2013-06-12,90.3,94.8
2013-06-13,90.3,94.8
2013-06-14,90.3,94.8
2013-06-15,90.3,94.8
2013-06-16,90.3,94.8
2013-06-17,90.3,94.8
2013-06-18,90.3,94.8
2013-06-19,90.3,94.8
2013-06-20,90.3,94.8
2013-06-21,90.3,94.8
2013-06-22,90.3,94.8
2013-06-23,90.3,94.8
2013-06-24,90.3,94.8
2013-06-25,90.3,94.8
2013-06-26,90.3,94.8
2013-06-27,90.3,94.8
2013-06-28,90.3,94.8
2013-06-29,90.3,94.8
2013-06-30,90.3,94.8
2013-07-01,90.3,94.8
2013-07-02,90.3,94.8
2013-07-03,90.3,94.8
2013-07-04,90.3,94.8
2013-07-05,90.3,94.8
2013-07-06,90.3,94.8
2013-07-07,90.3,94.8
2013-07-08,90.3,94.8
2013-07-09,90.3,94.8
2013-07-10,90.3,94.8
2013-07-11,90.3,94.8
2013-07-12,90.3,94.8
2013-07-13,90.3,94.8
2013-07-14,90.3,94.8
2013-07-15,90.3,94.8
2013-07-16,90.3,94.8
2013-07-17,90.3,94.8
2013-07-18,90.3,94.8
2013-07-19,90.3,94.8
2013-07-20,90.3,94.8
2013-07-21,90.3,94.8
2013-07-22,90.3,94.8
2013-07-23,90.3,94.8
2013-07-24,90.3,94.8
2013-07-25,90.3,94.8
2013-07-26,90.3,94.8
2013-07-27,90.3,94.8
2013-07-28,90.3,94.8
2013-07-29,90.3,94.8
2013-07-30,90.3,94.8
2013-07-31,90.3,94.8
2013-08-01,90.3,94.8
2013-08-02,90.3,94.8
2013-08-03,90.3,94.8
2013-08-04,90.3,94.8
2013-08-05,90.3,94.8
2013-08-06,90.3,94.8
2013-08-07,90.3,94.8
2013-08-08,90.3,94.8
2013-08-09,90.3,94.8
2013-08-10,90.3,94.8
2013-08-11,90.3,94.8
2013-08-12,90.3,94.8
2013-08-13,90.3,94.8
2013-08-14,90.3,94.8
2013-08-15,90.3,94.8
2013-08-16,90.3,94.8
2013-08-17,90.3,94.8
2013-08-18,90.3,94.8
2013-08-19,90.3,94.8
2013-08-20,90.3,94.8
2013-08-21,90.3,94.8
2013-08-22,90.3,94.8
2013-08-23,90.3,94.8
2013-08-24,90.3,94.8
2013-08-25,90.3,94.8
2013-08-26,90.3,94.8
2013-08-27,90.3,94.8
2013-08-28,90.3,94.8
2013-08-29,90.3,94.8
2013-08-30,90.3,94.8
2013-08-31,90.3,94.8
2013-09-01,90.3,94.8
2013-09-02,90.3,94.8
2013-09-03,90.3,94.8
2013-09-04,90.3,94.8
2013-09-05,90.3,94.8
2013-09-06,90.3,94.8
2013-09-07,90.3,94.8
2013-09-08,90.3,94.8
2013-09-09,90.3,94.8
2013-09-10,90.3,94.8
2013-09-11,90.3,94.8
2013-09-12,90.3,94.8
2013-09-13,90.3,94.8
2013-09-14,90.3,94.8
2013-09-15,90.3,94.8
2013-09-16,90.3,94.8
2013-09-17,90.3,94.8
2013-09-18,90.3,94.8
2013-09-19,90.3,94.8
2013-09-20,90.3,94.8
2013-09-21,90.3,94.8
2013-09-22,90.3,94.8
2013-09-23,90.3,94.8
2013-09-24,90.3,94.8
2013-09-25,90.3,94.8
2013-09-26,90.3,94.8
2013-09-27,90.3,94.8
2013-09-28,90.3,94.8
2013-09-29,90.3,94.8
2013-09-30,90.3,94.8
2013-10-01,89.6,92.2
2013-10-02,89.6,92.2
2013-10-03,89.6,92.2
2013-10-04,89.6,92.2
2013-10-05,89.6,92.2
2013-10-06,89.6,92.2
2013-10-07,89.6,92.2
2013-10-08,89.6,92.2
2013-10-09,89.6,92.2
2013-10-10,89.6,92.2
2013-10-11,89.6,92.2
2013-10-12,89.6,92.2
2013-10-13,89.6,92.2
2013-10-14,89.6,92.2
2013-10-15,89.6,92.2
2013-10-16,89.6,92.2
2013-10-17,89.6,92.2
2013-10-18,89.6,92.2
2013-10-19,89.6,92.2
2013-10-20,89.6,92.2
2013-10-21,89.6,92.2
2013-10-22,89.6,92.2
2013-10-23,89.6,92.2
2013-10-24,89.6,92.2
2013-10-25,89.6,92.2
2013-10-26,89.6,92.2
2013-10-27,89.6,92.2
2013-10-28,89.6,92.2
2013-10-29,89.6,92.2
2013-10-30,89.6,92.2
2013-10-31,89.6,92.2
2013-11-01,89.6,92.2
2013-11-02,89.6,92.2
2013-11-03,89.6,92.2
2013-11-04,89.6,92.2
2013-11-05,89.6,92.2
2013-11-06,89.6,92.2
2013-11-07,89.6,92.2
2013-11-08,89.6,92.2
2013-11-09,89.6,92.2
2013-11-10,89.6,92.2
2013-11-11,89.6,92.2
2013-11-12,89.6,92.2
2013-11-13,89.6,92.2
2013-11-14,89.6,92.2
2013-11-15,89.6,92.2
2013-11-16,89.6,92.2
2013-11-17,89.6,92.2
2013-11-18,89.6,92.2
2013-11-19,89.6,92.2
2013-11-20,89.6,92.2
2013-11-21,89.6,92.2
2013-11-22,89.6,92.2
2013-11-23,89.6,92.2
2013-11-24,89.6,92.2
2013-11-25,89.6,92.2
2013-11-26,89.6,92.2
2013-11-27,89.6,92.2
2013-11-28,89.6,92.2
2013-11-29,89.6,92.2
2013-11-30,89.6,92.2
2013-12-01,89.6,92.2
2013-12-02,89.6,92.2
2013-12-03,89.6,92.2
2013-12-04,89.6,92.2
2013-12-05,89.6,92.2
2013-12-06,89.6,92.2
2013-12-07,89.6,92.2
2013-12-08,89.6,92.2
2013-12-09,89.6,92.2
2013-12-10,89.6,92.2
2013-12-11,89.6,92.2
2013-12-12,89.6,92.2
2013-12-13,89.6,92.2
2013-12-14,89.6,92.2
2013-12-15,89.6,92.2
2013-12-16,89.6,92.2
2013-12-17,89.6,92.2
2013-12-18,89.6,92.2
2013-12-19,89.6,92.2
2013-12-20,89.6,92.2
2013-12-21,89.6,92.2
2013-12-22,89.6,92.2
2013-12-23,89.6,92.2
2013-12-24,89.6,92.2
2013-12-25,89.6,92.2
2013-12-26,89.6,92.2
2013-12-27,89.6,92.2
2013-12-28,89.6,92.2
2013-12-29,89.6,92.2
2013-12-30,89.6,92.2
2013-12-31,89.6,92.2
2014-01-01,89.6,92.2
2014-01-02,89.6,92.2
2014-01-03,89.6,92.2
2014-01-04,89.6,92.2
2014-01-05,89.6,92.2
2014-01-06,89.6,92.2
2014-01-07,89.6,92.2
2014-01-08,89.6,92.2
2014-01-09,89.6,92.2
2014-01-10,89.6,92.2
2014-01-11,89.6,92.2
2014-01-12,89.6,92.2
2014-01-13,89.6,92.2
2014-01-14,89.6,92.2
2014-01-15,89.6,92.2
2014-01-16,89.6,92.2
2014-01-17,89.6,92.2
2014-01-18,89.6,92.2
2014-01-19,89.6,92.2
2014-01-20,89.6,92.2
2014-01-21,89.6,92.2
2014-01-22,89.6,92.2
2014-01-23,89.6,92.2
2014-01-24,89.6,92.2
2014-01-25,89.6,92.2
2014-01-26,89.6,92.2
2014-01-27,89.6,92.2
2014-01-28,89.6,92.2
2014-01-29,89.6,92.2
2014-01-30,89.6,92.2
2014-01-31,89.6,92.2
2014-02-01,89.6,92.2
2014-02-02,89.6,92.2
2014-02-03,89.6,92.2
2014-02-04,89.6,92.2
2014-02-05,89.6,92.2
2014-02-06,89.6,92.2
2014-02-07,89.6,92.2
2014-02-08,89.6,92.2
2014-02-09,89.6,92.2
2014-02-10,89.6,92.2
2014-02-11,89.6,92.2
2014-02-12,89.6,92.2
2014-02-13,89.6,92.2
2014-02-14,89.6,92.2
2014-02-15,89.6,92.2
2014-02-16,89.6,92.2
2014-02-17,89.6,92.2
2014-02-18,89.6,92.2
2014-02-19,89.6,92.2
2014-02-20,89.6,92.2
2014-02-21,89.6,92.2
2014-02-22,89.6,92.2
2014-02-23,89.6,92.2
2014-02-24,89.6,92.2
2014-02-25,89.6,92.2
2014-02-26,89.6,92.2
2014-02-27,89.6,92.2
2014-02-28,89.6,92.2
2014-03-01,89.6,92.2
2014-03-02,89.6,92.2
2014-03-03,89.6,92.2
2014-03-04,89.6,92.2
2014-03-05,89.6,92.2
2014-03-06,89.6,92.2
2014-03-07,89.6,92.2
2014-03-08,89.6,92.2
2014-03-09,89.6,92.2
2014-03-10,89.6,92.2
2014-03-11,89.6,92.2
2014-03-12,89.6,92.2
2014-03-13,89.6,92.2
2014-03-14,89.6,92.2
2014-03-15,89.6,92.2
2014-03-16,89.6,92.2
2014-03-17,89.6,92.2
2014-03-18,89.6,92.2
2014-03-19,89.6,92.2
2014-03-20,89.6,92.2
2014-03-21,89.6,92.2
2014-03-22,89.6,92.2
2014-03-23,89.6,92.2
2014-03-24,89.6,92.2
2014-03-25,89.6,92.2
2014-03-26,89.6,92.2
2014-03-27,89.6,92.2
2014-03-28,89.6,92.2
2014-03-29,89.6,92.2
2014-03-30,89.6,92.2
2014-03-31,89.6,92.2
2014-04-01,91.3,93.9
2014-04-02,91.3,93.9
2014-04-03,91.3,93.9
2014-04-04,91.3,93.9
2014-04-05,91.3,93.9
2014-04-06,91.3,93.9
2014-04-07,91.3,93.9
2014-04-08,91.3,93.9
2014-04-09,91.3,93.9
2014-04-10,91.3,93.9
2014-04-11,91.3,93.9
2014-04-12,91.3,93.9
2014-04-13,91.3,93.9
2014-04-14,91.3,93.9
2014-04-15,91.3,93.9
2014-04-16,91.3,93.9
2014-04-17,91.3,93.9
2014-04-18,91.3,93.9
2014-04-19,91.3,93.9
2014-04-20,91.3,93.9
2014-04-21,91.3,93.9
2014-04-22,91.3,93.9
2014-04-23,91.3,93.9
2014-04-24,91.3,93.9
2014-04-25,91.3,93.9
2014-04-26,91.3,93.9
2014-04-27,91.3,93.9
2014-04-28,91.3,93.9
2014-04-29,91.3,93.9
2014-04-30,91.3,93.9
2014-05-01,91.3,93.9
2014-05-02,91.3,93.9
2014-05-03,91.3,93.9
2014-05-04,91.3,93.9
2014-05-05,91.3,93.9
2014-05-06,91.3,93.9
2014-05-07,91.3,93.9
2014-05-08,91.3,93.9
2014-05-09,91.3,93.9
2014-05-10,91.3,93.9
2014-05-11,91.3,93.9
2014-05-12,91.3,93.9
2014-05-13,91.3,93.9
2014-05-14,91.3,93.9
2014-05-15,91.3,93.9
2014-05-16,91.3,93.9
2014-05-17,91.3,93.9
2014-05-18,91.3,93.9
2014-05-19,91.3,93.9
2014-05-20,91.3,93.9
2014-05-21,91.3,93.9
2014-05-22,91.3,93.9
2014-05-23,91.3,93.9
2014-05-24,91.3,93.9
2014-05-25,91.3,93.9
2014-05-26,91.3,93.9
2014-05-27,91.3,93.9
2014-05-28,91.3,93.9
2014-05-29,91.3,93.9
2014-05-30,91.3,93.9
2014-05-31,91.3,93.9
2014-06-01,91.3,93.9
2014-06-02,91.3,93.9
2014-06-03,91.3,93.9
2014-06-04,91.3,93.9
2014-06-05,91.3,93.9
2014-06-06,91.3,93.9
2014-06-07,91.3,93.9
2014-06-08,91.3,93.9
2014-06-09,91.3,93.9
2014-06-10,91.3,93.9
2014-06-11,91.3,93.9
2014-06-12,91.3,93.9
2014-06-13,91.3,93.9
2014-06-14,91.3,93.9
2014-06-15,91.3,93.9
2014-06-16,91.3,93.9
2014-06-17,91.3,93.9
2014-06-18,91.3,93.9
2014-06-19,91.3,93.9
2014-06-20,91.3,93.9
2014-06-21,91.3,93.9
2014-06-22,91.3,93.9
2014-06-23,91.3,93.9
2014-06-24,91.3,93.9
2014-06-25,91.3,93.9
2014-06-26,91.3,93.9
2014-06-27,91.3,93.9
2014-06-28,91.3,93.9
2014-06-29,91.3,93.9
2014-06-30,91.3,93.9
2014-07-01,91.3,93.9
2014-07-02,91.3,93.9
2014-07-03,91.3,93.9
2014-07-04,91.3,93.9
2014-07-05,91.3,93.9
2014-07-06,91.3,93.9
2014-07-07,91.3,93.9
2014-07-08,91.3,93.9
2014-07-09,91.3,93.9
2014-07-10,91.3,93.9
2014-07-11,91.3,93.9
2014-07-12,91.3,93.9
2014-07-13,91.3,93.9
2014-07-14,91.3,93.9
2014-07-15,91.3,93.9
2014-07-16,91.3,93.9
2014-07-17,91.3,93.9
2014-07-18,91.3,93.9
2014-07-19,91.3,93.9
2014-07-20,91.3,93.9
2014-07-21,91.3,93.9
2014-07-22,91.3,93.9
2014-07-23,91.3,93.9
2014-07-24,91.3,93.9
2014-07-25,91.3,93.9
2014-07-26,91.3,93.9
2014-07-27,91.3,93.9
2014-07-28,91.3,93.9
2014-07-29,91.3,93.9
2014-07-30,91.3,93.9
2014-07-31,91.3,93.9
2014-08-01,91.3,93.9
2014-08-02,91.3,93.9
2014-08-03,91.3,93.9
2014-08-04,91.3,93.9
2014-08-05,91.3,93.9
2014-08-06,91.3,93.9
2014-08-07,91.3,93.9
2014-08-08,91.3,93.9
2014-08-09,91.3,93.9
2014-08-10,91.3,93.9
2014-08-11,91.3,93.9
2014-08-12,91.3,93.9
2014-08-13,91.3,93.9
2014-08-14,91.3,93.9
2014-08-15,91.3,93.9
2014-08-16,91.3,93.9
2014-08-17,91.3,93.9
2014-08-18,91.3,93.9
2014-08-19,91.3,93.9
2014-08-20,91.3,93.9
2014-08-21,91.3,93.9
2014-08-22,91.3,93.9
2014-08-23,91.3,93.9
2014-08-24,91.3,93.9
2014-08-25,91.3,93.9
2014-08-26,91.3,93.9
2014-08-27,91.3,93.9
2014-08-28,91.3,93.9
2014-08-29,91.3,93.9
2014-08-30,91.3,93.9
2014-08-31,91.3,93.9
2014-09-01,91.3,93.9
2014-09-02,91.3,93.9
2014-09-03,91.3,93.9
2014-09-04,91.3,93.9
2014-09-05,91.3,93.9
2014-09-06,91.3,93.9
2014-09-07,91.3,93.9
2014-09-08,91.3,93.9
2014-09-09,91.3,93.9
2014-09-10,91.3,93.9
2014-09-11,91.3,93.9
2014-09-12,91.3,93.9
2014-09-13,91.3,93.9
2014-09-14,91.3,93.9
2014-09-15,91.3,93.9
2014-09-16,91.3,93.9
2014-09-17,91.3,93.9
2014-09-18,91.3,93.9
2014-09-19,91.3,93.9
2014-09-20,91.3,93.9
2014-09-21,91.3,93.9
2014-09-22,91.3,93.9
2014-09-23,91.3,93.9
2014-09-24,91.3,93.9
2014-09-25,91.3,93.9
2014-09-26,91.3,93.9
2014-09-27,91.3,93.9
2014-09-28,91.3,93.9
2014-09-29,91.3,93.9
2014-09-30,91.3,93.9
2014-10-01,90.1,92.2
2014-10-02,90.1,92.2
2014-10-03,90.1,92.2
2014-10-04,90.1,92.2
2014-10-05,90.1,92.2
2014-10-06,90.1,92.2
2014-10-07,90.1,92.2
2014-10-08,90.1,92.2
2014-10-09,90.1,92.2
2014-10-10,90.1,92.2
2014-10-11,90.1,92.2
2014-10-12,90.1,92.2
2014-10-13,90.1,92.2
2014-10-14,90.1,92.2
2014-10-15,90.1,92.2
2014-10-16,90.1,92.2
2014-10-17,90.1,92.2
2014-10-18,90.1,92.2
2014-10-19,90.1,92.2
2014-10-20,90.1,92.2
2014-10-21,90.1,92.2
2014-10-22,90.1,92.2
2014-10-23,90.1,92.2
2014-10-24,90.1,92.2
2014-10-25,90.1,92.2
2014-10-26,90.1,92.2
2014-10-27,90.1,92.2
2014-10-28,90.1,92.2
2014-10-29,90.1,92.2
2014-10-30,90.1,92.2
2014-10-31,90.1,92.2
2014-11-01,90.1,92.2
2014-11-02,90.1,92.2
2014-11-03,90.1,92.2
2014-11-04,90.1,92.2
2014-11-05,90.1,92.2
2014-11-06,90.1,92.2
2014-11-07,90.1,92.2
2014-11-08,90.1,92.2
2014-11-09,90.1,92.2
2014-11-10,90.1,92.2
2014-11-11,90.1,92.2
2014-11-12,90.1,92.2
2014-11-13,90.1,92.2
2014-11-14,90.1,92.2
2014-11-15,90.1,92.2
2014-11-16,90.1,92.2
2014-11-17,90.1,92.2
2014-11-18,90.1,92.2
2014-11-19,90.1,92.2
2014-11-20,90.1,92.2
2014-11-21,90.1,92.2
2014-11-22,90.1,92.2
2014-11-23,90.1,92.2
2014-11-24,90.1,92.2
2014-11-25,90.1,92.2
2014-11-26,90.1,92.2
2014-11-27,90.1,92.2
2014-11-28,90.1,92.2
2014-11-29,90.1,92.2
2014-11-30,90.1,92.2
2014-12-01,90.1,92.2
2014-12-02,90.1,92.2
2014-12-03,90.1,92.2
2014-12-04,90.1,92.2
2014-12-05,90.1,92.2
2014-12-06,90.1,92.2
2014-12-07,90.1,92.2
2014-12-08,90.1,92.2
2014-12-09,90.1,92.2
2014-12-10,90.1,92.2
2014-12-11,90.1,92.2
2014-12-12,90.1,92.2
2014-12-13,90.1,92.2
2014-12-14,90.1,92.2
2014-12-15,90.1,92.2
2014-12-16,90.1,92.2
2014-12-17,90.1,92.2
2014-12-18,90.1,92.2
2014-12-19,90.1,92.2
2014-12-20,90.1,92.2
2014-12-21,90.1,92.2
2014-12-22,90.1,92.2
2014-12-23,90.1,92.2
2014-12-24,90.1,92.2
2014-12-25,90.1,92.2
2014-12-26,90.1,92.2
2014-12-27,90.1,92.2
2014-12-28,90.1,92.2
2014-12-29,90.1,92.2
2014-12-30,90.1,92.2
2014-12-31,90.1,92.2
2015-01-01,90.1,92.2
2015-01-02,90.1,92.2
2015-01-03,90.1,92.2
2015-01-04,90.1,92.2
2015-01-05,90.1,92.2
2015-01-06,90.1,92.2
2015-01-07,90.1,92.2
2015-01-08,90.1,92.2
2015-01-09,90.1,92.2
2015-01-10,90.1,92.2
2015-01-11,90.1,92.2
2015-01-12,90.1,92.2
2015-01-13,90.1,92.2
2015-01-14,90.1,92.2
2015-01-15,90.1,92.2
2015-01-16,90.1,92.2
2015-01-17,90.1,92.2
2015-01-18,90.1,92.2
2015-01-19,90.1,92.2
2015-01-20,90.1,92.2
2015-01-21,90.1,92.2
2015-01-22,90.1,92.2
2015-01-23,90.1,92.2
2015-01-24,90.1,92.2
2015-01-25,90.1,92.2
2015-01-26,90.1,92.2
2015-01-27,90.1,92.2
2015-01-28,90.1,92.2
2015-01-29,90.1,92.2
2015-01-30,90.1,92.2
2015-01-31,90.1,92.2
2015-02-01,90.1,92.2
2015-02-02,90.1,92.2
2015-02-03,90.1,92.2
2015-02-04,90.1,92.2
2015-02-05,90.1,92.2
2015-02-06,90.1,92.2
2015-02-07,90.1,92.2
2015-02-08,90.1,92.2
2015-02-09,90.1,92.2
2015-02-10,90.1,92.2
2015-02-11,90.1,92.2
2015-02-12,90.1,92.2
2015-02-13,90.1,92.2
2015-02-14,90.1,92.2
2015-02-15,90.1,92.2
2015-02-16,90.1,92.2
2015-02-17,90.1,92.2
2015-02-18,90.1,92.2
2015-02-19,90.1,92.2
2015-02-20,90.1,92.2
2015-02-21,90.1,92.2
2015-02-22,90.1,92.2
2015-02-23,90.1,92.2
2015-02-24,90.1,92.2
2015-02-25,90.1,92.2
2015-02-26,90.1,92.2
2015-02-27,90.1,92.2
2015-02-28,90.1,92.2
2015-03-01,90.1,92.2
2015-03-02,90.1,92.2
2015-03-03,90.1,92.2
2015-03-04,90.1,92.2
2015-03-05,90.1,92.2
2015-03-06,90.1,92.2
2015-03-07,90.1,92.2
2015-03-08,90.1,92.2
2015-03-09,90.1,92.2
2015-03-10,90.1,92.2
2015-03-11,90.1,92.2
2015-03-12,90.1,92.2
2015-03-13,90.1,92.2
2015-03-14,90.1,92.2
2015-03-15,90.1,92.2
2015-03-16,90.1,92.2
2015-03-17,90.1,92.2
2015-03-18,90.1,92.2
2015-03-19,90.1,92.2
2015-03-20,90.1,92.2
2015-03-21,90.1,92.2
2015-03-22,90.1,92.2
2015-03-23,90.1,92.2
2015-03-24,90.1,92.2
2015-03-25,90.1,92.2
2015-03-26,90.1,92.2
2015-03-27,90.1,92.2
2015-03-28,90.1,92.2
2015-03-29,90.1,92.2
2015-03-30,90.1,92.2
2015-03-31,90.1,92.2
2015-04-01,91.5,94.8
2015-04-02,91.5,94.8
2015-04-03,91.5,94.8
2015-04-04,91.5,94.8
2015-04-05,91.5,94.8
2015-04-06,91.5,94.8
2015-04-07,91.5,94.8
2015-04-08,91.5,94.8
2015-04-09,91.5,94.8
2015-04-10,91.5,94.8
2015-04-11,91.5,94.8
2015-04-12,91.5,94.8
2015-04-13,91.5,94.8
2015-04-14,91.5,94.8
2015-04-15,91.5,94.8
2015-04-16,91.5,94.8
2015-04-17,91.5,94.8
2015-04-18,91.5,94.8
2015-04-19,91.5,94.8
2015-04-20,91.5,94.8
2015-04-21,91.5,94.8
2015-04-22,91.5,94.8
2015-04-23,91.5,94.8
2015-04-24,91.5,94.8
2015-04-25,91.5,94.8
2015-04-26,91.5,94.8
2015-04-27,91.5,94.8
2015-04-28,91.5,94.8
2015-04-29,91.5,94.8
2015-04-30,91.5,94.8
2015-05-01,91.5,94.8
2015-05-02,91.5,94.8
2015-05-03,91.5,94.8
2015-05-04,91.5,94.8
2015-05-05,91.5,94.8
2015-05-06,91.5,94.8
2015-05-07,91.5,94.8
2015-05-08,91.5,94.8
2015-05-09,91.5,94.8
2015-05-10,91.5,94.8
2015-05-11,91.5,94.8
2015-05-12,91.5,94.8
2015-05-13,91.5,94.8
2015-05-14,91.5,94.8
2015-05-15,91.5,94.8
2015-05-16,91.5,94.8
2015-05-17,91.5,94.8
2015-05-18,91.5,94.8
2015-05-19,91.5,94.8
2015-05-20,91.5,94.8
2015-05-21,91.5,94.8
2015-05-22,91.5,94.8
2015-05-23,91.5,94.8
2015-05-24,91.5,94.8
2015-05-25,91.5,94.8
2015-05-26,91.5,94.8
2015-05-27,91.5,94.8
2015-05-28,91.5,94.8
2015-05-29,91.5,94.8
2015-05-30,91.5,94.8
2015-05-31,91.5,94.8
2015-06-01,91.5,94.8
2015-06-02,91.5,94.8
2015-06-03,91.5,94.8
2015-06-04,91.5,94.8
2015-06-05,91.5,94.8
2015-06-06,91.5,94.8
2015-06-07,91.5,94.8
2015-06-08,91.5,94.8
2015-06-09,91.5,94.8
2015-06-10,91.5,94.8
2015-06-11,91.5,94.8
2015-06-12,91.5,94.8
2015-06-13,91.5,94.8
2015-06-14,91.5,94.8
2015-06-15,91.5,94.8
2015-06-16,91.5,94.8
2015-06-17,91.5,94.8
2015-06-18,91.5,94.8
2015-06-19,91.5,94.8
2015-06-20,91.5,94.8
2015-06-21,91.5,94.8
2015-06-22,91.5,94.8
2015-06-23,91.5,94.8
2015-06-24,91.5,94.8
2015-06-25,91.5,94.8
2015-06-26,91.5,94.8
2015-06-27,91.5,94.8
2015-06-28,91.5,94.8
2015-06-29,91.5,94.8
2015-06-30,91.5,94.8
2015-07-01,91.5,94.8
2015-07-02,91.5,94.8
2015-07-03,91.5,94.8
2015-07-04,91.5,94.8
2015-07-05,91.5,94.8
2015-07-06,91.5,94.8
2015-07-07,91.5,94.8
2015-07-08,91.5,94.8
2015-07-09,91.5,94.8
2015-07-10,91.5,94.8
2015-07-11,91.5,94.8
2015-07-12,91.5,94.8
2015-07-13,91.5,94.8
2015-07-14,91.5,94.8
2015-07-15,91.5,94.8
2015-07-16,91.5,94.8
2015-07-17,91.5,94.8
2015-07-18,91.5,94.8
2015-07-19,91.5,94.8
2015-07-20,91.5,94.8
2015-07-21,91.5,94.8
2015-07-22,91.5,94.8
2015-07-23,91.5,94.8
2015-07-24,91.5,94.8
2015-07-25,91.5,94.8
2015-07-26,91.5,94.8
2015-07-27,91.5,94.8
2015-07-28,91.5,94.8
2015-07-29,91.5,94.8
2015-07-30,91.5,94.8
2015-07-31,91.5,94.8
2015-08-01,91.5,94.8
2015-08-02,91.5,94.8
2015-08-03,91.5,94.8
2015-08-04,91.5,94.8
2015-08-05,91.5,94.8
2015-08-06,91.5,94.8
2015-08-07,91.5,94.8
2015-08-08,91.5,94.8
2015-08-09,91.5,94.8
2015-08-10,91.5,94.8
2015-08-11,91.5,94.8
2015-08-12,91.5,94.8
2015-08-13,91.5,94.8
2015-08-14,91.5,94.8
2015-08-15,91.5,94.8
2015-08-16,91.5,94.8
2015-08-17,91.5,94.8
2015-08-18,91.5,94.8
2015-08-19,91.5,94.8
2015-08-20,91.5,94.8
2015-08-21,91.5,94.8
2015-08-22,91.5,94.8
2015-08-23,91.5,94.8
2015-08-24,91.5,94.8
2015-08-25,91.5,94.8
2015-08-26,91.5,94.8
2015-08-27,91.5,94.8
2015-08-28,91.5,94.8
2015-08-29,91.5,94.8
2015-08-30,91.5,94.8
2015-08-31,91.5,94.8
2015-09-01,91.5,94.8
2015-09-02,91.5,94.8
2015-09-03,91.5,94.8
2015-09-04,91.5,94.8
2015-09-05,91.5,94.8
2015-09-06,91.5,94.8
2015-09-07,91.5,94.8
2015-09-08,91.5,94.8
2015-09-09,91.5,94.8
2015-09-10,91.5,94.8
2015-09-11,91.5,94.8
2015-09-12,91.5,94.8
2015-09-13,91.5,94.8
2015-09-14,91.5,94.8
2015-09-15,91.5,94.8
2015-09-16,91.5,94.8
2015-09-17,91.5,94.8
2015-09-18,91.5,94.8
2015-09-19,91.5,94.8
2015-09-20,91.5,94.8
2015-09-21,91.5,94.8
2015-09-22,91.5,94.8
2015-09-23,91.5,94.8
2015-09-24,91.5,94.8
2015-09-25,91.5,94.8
2015-09-26,91.5,94.8
2015-09-27,91.5,94.8
2015-09-28,91.5,94.8
2015-09-29,91.5,94.8
2015-09-30,91.5,94.8
2015-10-01,91.4,92.0
2015-10-02,91.4,92.0
2015-10-03,91.4,92.0
2015-10-04,91.4,92.0
2015-10-05,91.4,92.0
2015-10-06,91.4,92.0
2015-10-07,91.4,92.0
2015-10-08,91.4,92.0
2015-10-09,91.4,92.0
2015-10-10,91.4,92.0
2015-10-11,91.4,92.0
2015-10-12,91.4,92.0
2015-10-13,91.4,92.0
2015-10-14,91.4,92.0
2015-10-15,91.4,92.0
2015-10-16,91.4,92.0
2015-10-17,91.4,92.0
2015-10-18,91.4,92.0
2015-10-19,91.4,92.0
2015-10-20,91.4,92.0
2015-10-21,91.4,92.0
2015-10-22,91.4,92.0
2015-10-23,91.4,92.0
2015-10-24,91.4,92.0
2015-10-25,91.4,92.0
2015-10-26,91.4,92.0
2015-10-27,91.4,92.0
2015-10-28,91.4,92.0
2015-10-29,91.4,92.0
2015-10-30,91.4,92.0
2015-10-31,91.4,92.0
2015-11-01,91.4,92.0
2015-11-02,91.4,92.0
2015-11-03,91.4,92.0
2015-11-04,91.4,92.0
2015-11-05,91.4,92.0
2015-11-06,91.4,92.0
2015-11-07,91.4,92.0
2015-11-08,91.4,92.0
2015-11-09,91.4,92.0
2015-11-10,91.4,92.0
2015-11-11,91.4,92.0
2015-11-12,91.4,92.0
2015-11-13,91.4,92.0
2015-11-14,91.4,92.0
2015-11-15,91.4,92.0
2015-11-16,91.4,92.0
2015-11-17,91.4,92.0
2015-11-18,91.4,92.0
2015-11-19,91.4,92.0
2015-11-20,91.4,92.0
2015-11-21,91.4,92.0
2015-11-22,91.4,92.0
2015-11-23,91.4,92.0
2015-11-24,91.4,92.0
2015-11-25,91.4,92.0
2015-11-26,91.4,92.0
2015-11-27,91.4,92.0
2015-11-28,91.4,92.0
2015-11-29,91.4,92.0
2015-11-30,91.4,92.0
2015-12-01,91.4,92.0
2015-12-02,91.4,92.0
2015-12-03,91.4,92.0
2015-12-04,91.4,92.0
2015-12-05,91.4,92.0
2015-12-06,91.4,92.0
2015-12-07,91.4,92.0
2015-12-08,91.4,92.0
2015-12-09,91.4,92.0
2015-12-10,91.4,92.0
2015-12-11,91.4,92.0
2015-12-12,91.4,92.0
2015-12-13,91.4,92.0
2015-12-14,91.4,92.0
2015-12-15,91.4,92.0
2015-12-16,91.4,92.0
2015-12-17,91.4,92.0
2015-12-18,91.4,92.0
2015-12-19,91.4,92.0
2015-12-20,91.4,92.0
2015-12-21,91.4,92.0
2015-12-22,91.4,92.0
2015-12-23,91.4,92.0
2015-12-24,91.4,92.0
2015-12-25,91.4,92.0
2015-12-26,91.4,92.0
2015-12-27,91.4,92.0
2015-12-28,91.4,92.0
2015-12-29,91.4,92.0
2015-12-30,91.4,92.0
2015-12-31,91.4,92.0
2016-01-01,91.4,92.0
2016-01-02,91.4,92.0
2016-01-03,91.4,92.0
2016-01-04,91.4,92.0
2016-01-05,91.4,92.0
2016-01-06,91.4,92.0
2016-01-07,91.4,92.0
2016-01-08,91.4,92.0
2016-01-09,91.4,92.0
2016-01-10,91.4,92.0
2016-01-11,91.4,92.0
2016-01-12,91.4,92.0
2016-01-13,91.4,92.0
2016-01-14,91.4,92.0
2016-01-15,91.4,92.0
2016-01-16,91.4,92.0
2016-01-17,91.4,92.0
2016-01-18,91.4,92.0
2016-01-19,91.4,92.0
2016-01-20,91.4,92.0
2016-01-21,91.4,92.0
2016-01-22,91.4,92.0
2016-01-23,91.4,92.0
2016-01-24,91.4,92.0
2016-01-25,91.4,92.0
2016-01-26,91.4,92.0
2016-01-27,91.4,92.0
2016-01-28,91.4,92.0
2016-01-29,91.4,92.0
2016-01-30,91.4,92.0
2016-01-31,91.4,92.0
2016-02-01,91.4,92.0
2016-02-02,91.4,92.0
2016-02-03,91.4,92.0
2016-02-04,91.4,92.0
2016-02-05,91.4,92.0
2016-02-06,91.4,92.0
2016-02-07,91.4,92.0
2016-02-08,91.4,92.0
2016-02-09,91.4,92.0
2016-02-10,91.4,92.0
2016-02-11,91.4,92.0
2016-02-12,91.4,92.0
2016-02-13,91.4,92.0
2016-02-14,91.4,92.0
2016-02-15,91.4,92.0
2016-02-16,91.4,92.0
2016-02-17,91.4,92.0
2016-02-18,91.4,92.0
2016-02-19,91.4,92.0
2016-02-20,91.4,92.0
2016-02-21,91.4,92.0
2016-02-22,91.4,92.0
2016-02-23,91.4,92.0
2016-02-24,91.4,92.0
2016-02-25,91.4,92.0
2016-02-26,91.4,92.0
2016-02-27,91.4,92.0
2016-02-28,91.4,92.0
2016-02-29,91.4,92.0
2016-03-01,91.4,92.0
2016-03-02,91.4,92.0
2016-03-03,91.4,92.0
2016-03-04,91.4,92.0
2016-03-05,91.4,92.0
2016-03-06,91.4,92.0
2016-03-07,91.4,92.0
2016-03-08,91.4,92.0
2016-03-09,91.4,92.0
2016-03-10,91.4,92.0
2016-03-11,91.4,92.0
2016-03-12,91.4,92.0
2016-03-13,91.4,92.0
2016-03-14,91.4,92.0
2016-03-15,91.4,92.0
2016-03-16,91.4,92.0
2016-03-17,91.4,92.0
2016-03-18,91.4,92.0
2016-03-19,91.4,92.0
2016-03-20,91.4,92.0
2016-03-21,91.4,92.0
2016-03-22,91.4,92.0
2016-03-23,91.4,92.0
2016-03-24,91.4,92.0
2016-03-25,91.4,92.0
2016-03-26,91.4,92.0
2016-03-27,91.4,92.0
2016-03-28,91.4,92.0
2016-03-29,91.4,92.0
2016-03-30,91.4,92.0
2016-03-31,91.4,92.0
